student_id,skill_id,proficiency
S0000,SK005,beginner
S0000,SK015,intermediate
S0000,SK016,advanced
S0001,SK040,intermediate
S0001,SK008,beginner
S0001,SK009,beginner
S0001,SK015,advanced
S0002,SK001,advanced
S0002,SK037,intermediate
S0002,SK039,advanced
S0002,SK038,beginner
S0002,SK044,beginner
S0002,SK005,beginner
S0003,SK001,intermediate
S0003,SK037,intermediate
S0003,SK039,advanced
S0003,SK040,beginner
S0003,SK041,beginner
S0003,SK025,intermediate
S0003,SK044,intermediate
S0003,SK012,advanced
S0004,SK004,advanced
S0004,SK022,beginner
S0004,SK005,beginner
S0004,SK013,intermediate
S0004,SK009,advanced
S0004,SK043,advanced
S0004,SK035,intermediate
S0005,SK001,beginner
S0005,SK037,intermediate
S0005,SK013,intermediate
S0005,SK010,beginner
S0005,SK039,advanced
S0006,SK013,intermediate
S0006,SK015,advanced
S0006,SK007,intermediate
S0007,SK013,advanced
S0007,SK007,beginner
S0007,SK005,advanced
S0007,SK001,intermediate
S0007,SK036,advanced
S0007,SK012,intermediate
S0008,SK025,advanced
S0008,SK029,advanced
S0008,SK013,intermediate
S0008,SK001,beginner
S0008,SK011,intermediate
S0008,SK039,beginner
S0008,SK028,advanced
S0009,SK001,advanced
S0009,SK037,intermediate
S0009,SK008,advanced
S0009,SK005,beginner
S0009,SK016,advanced
S0010,SK008,beginner
S0010,SK007,beginner
S0010,SK002,beginner
S0010,SK009,advanced
S0010,SK001,beginner
S0010,SK015,advanced
S0010,SK014,intermediate
S0010,SK038,intermediate
S0011,SK007,beginner
S0011,SK001,beginner
S0011,SK036,beginner
S0011,SK035,beginner
S0011,SK027,beginner
S0011,SK023,beginner
S0012,SK002,intermediate
S0012,SK013,intermediate
S0012,SK015,advanced
S0013,SK025,intermediate
S0013,SK026,beginner
S0013,SK029,advanced
S0013,SK027,intermediate
S0013,SK013,beginner
S0013,SK023,advanced
S0014,SK045,beginner
S0014,SK002,intermediate
S0014,SK013,beginner
S0014,SK015,beginner
S0015,SK004,beginner
S0015,SK022,advanced
S0015,SK013,intermediate
S0015,SK041,intermediate
S0016,SK025,beginner
S0016,SK029,beginner
S0016,SK027,intermediate
S0016,SK030,beginner
S0016,SK009,intermediate
S0016,SK012,advanced
S0017,SK001,intermediate
S0017,SK012,intermediate
S0017,SK015,beginner
S0017,SK040,intermediate
S0018,SK013,intermediate
S0018,SK001,advanced
S0018,SK019,advanced
S0018,SK016,intermediate
S0019,SK025,beginner
S0019,SK014,intermediate
S0019,SK026,beginner
S0019,SK029,advanced
S0019,SK027,intermediate
S0019,SK001,beginner
S0019,SK039,beginner
S0020,SK008,advanced
S0020,SK007,intermediate
S0020,SK002,beginner
S0020,SK001,intermediate
S0020,SK022,advanced
S0020,SK043,intermediate
S0021,SK022,intermediate
S0021,SK013,intermediate
S0021,SK005,advanced
S0021,SK046,intermediate
S0021,SK001,beginner
S0021,SK014,beginner
S0022,SK004,beginner
S0022,SK022,intermediate
S0022,SK005,intermediate
S0022,SK023,intermediate
S0022,SK046,intermediate
S0022,SK036,advanced
S0023,SK001,advanced
S0024,SK001,intermediate
S0024,SK038,beginner
S0024,SK008,intermediate
S0024,SK013,advanced
S0025,SK007,intermediate
S0025,SK001,beginner
S0025,SK034,beginner
S0025,SK012,beginner
S0025,SK031,advanced
S0025,SK004,beginner
S0026,SK022,beginner
S0026,SK013,beginner
S0026,SK015,advanced
S0026,SK028,beginner
S0026,SK039,intermediate
S0027,SK025,advanced
S0027,SK026,beginner
S0027,SK029,intermediate
S0027,SK027,advanced
S0027,SK001,beginner
S0027,SK028,advanced
S0027,SK045,advanced
S0028,SK012,intermediate
S0029,SK014,advanced
S0029,SK026,intermediate
S0029,SK027,advanced
S0029,SK001,intermediate
S0029,SK011,beginner
S0029,SK035,intermediate
S0030,SK007,intermediate
S0030,SK035,advanced
S0030,SK031,intermediate
S0030,SK027,beginner
S0030,SK025,advanced
S0030,SK008,advanced
S0030,SK032,advanced
S0030,SK006,intermediate
S0031,SK013,beginner
S0031,SK008,intermediate
S0031,SK018,advanced
S0032,SK045,intermediate
S0032,SK002,advanced
S0032,SK013,beginner
S0032,SK015,intermediate
S0032,SK009,intermediate
S0032,SK005,intermediate
S0033,SK001,intermediate
S0033,SK020,beginner
S0033,SK016,beginner
S0034,SK004,advanced
S0034,SK007,advanced
S0034,SK005,beginner
S0034,SK008,beginner
S0034,SK033,intermediate
S0034,SK018,advanced
S0035,SK001,advanced
S0035,SK039,beginner
S0035,SK040,intermediate
S0035,SK038,beginner
S0035,SK008,advanced
S0035,SK007,advanced
S0035,SK025,beginner
S0035,SK043,intermediate
S0035,SK024,beginner
S0035,SK014,beginner
S0036,SK008,advanced
S0036,SK010,beginner
S0036,SK012,advanced
S0036,SK003,intermediate
S0036,SK043,beginner
S0037,SK036,intermediate
S0037,SK031,intermediate
S0037,SK008,beginner
S0037,SK026,intermediate
S0038,SK013,beginner
S0038,SK046,beginner
S0038,SK007,advanced
S0039,SK001,intermediate
S0039,SK036,beginner
S0039,SK012,beginner
S0039,SK035,beginner
S0039,SK031,advanced
S0040,SK008,beginner
S0040,SK009,beginner
S0040,SK001,advanced
S0040,SK013,intermediate
S0040,SK019,advanced
S0040,SK033,intermediate
S0040,SK011,advanced
S0041,SK001,beginner
S0041,SK007,advanced
S0041,SK014,advanced
S0041,SK024,beginner
S0042,SK025,intermediate
S0042,SK014,intermediate
S0042,SK011,advanced
S0042,SK042,intermediate
S0043,SK025,advanced
S0043,SK014,beginner
S0043,SK026,beginner
S0043,SK029,intermediate
S0043,SK013,advanced
S0043,SK030,advanced
S0043,SK028,advanced
S0044,SK022,beginner
S0044,SK017,advanced
S0044,SK043,beginner
S0045,SK008,intermediate
S0045,SK007,intermediate
S0045,SK002,advanced
S0045,SK009,beginner
S0045,SK015,advanced
S0045,SK044,advanced
S0046,SK045,intermediate
S0046,SK046,intermediate
S0047,SK001,advanced
S0047,SK037,advanced
S0047,SK039,advanced
S0047,SK008,advanced
S0047,SK041,advanced
S0047,SK027,advanced
S0047,SK003,intermediate
S0047,SK045,beginner
S0048,SK034,beginner
S0049,SK045,intermediate
S0049,SK002,beginner
S0049,SK005,advanced
S0050,SK010,beginner
S0050,SK014,beginner
S0050,SK008,advanced
S0050,SK011,intermediate
S0050,SK001,advanced
S0051,SK007,beginner
S0051,SK001,beginner
S0051,SK012,intermediate
S0051,SK013,beginner
S0051,SK033,beginner
S0052,SK010,advanced
S0052,SK008,intermediate
S0052,SK038,beginner
S0052,SK022,advanced
S0053,SK004,advanced
S0053,SK022,beginner
S0053,SK013,intermediate
S0053,SK015,intermediate
S0053,SK009,intermediate
S0053,SK046,advanced
S0053,SK024,beginner
S0053,SK025,beginner
S0053,SK017,advanced
S0053,SK035,beginner
S0054,SK008,intermediate
S0054,SK007,advanced
S0054,SK009,intermediate
S0054,SK013,advanced
S0054,SK015,beginner
S0054,SK026,intermediate
S0054,SK029,beginner
S0054,SK031,advanced
S0055,SK001,advanced
S0055,SK037,intermediate
S0055,SK040,advanced
S0055,SK008,beginner
S0055,SK046,intermediate
S0056,SK008,beginner
S0056,SK007,advanced
S0056,SK009,intermediate
S0056,SK013,advanced
S0056,SK012,intermediate
S0056,SK032,beginner
S0057,SK007,beginner
S0057,SK001,intermediate
S0057,SK006,intermediate
S0058,SK015,beginner
S0058,SK007,advanced
S0058,SK041,advanced
S0058,SK029,intermediate
S0059,SK022,beginner
S0059,SK005,beginner
S0059,SK013,advanced
S0059,SK046,intermediate
S0059,SK017,beginner
S0060,SK026,intermediate
S0060,SK029,beginner
S0060,SK027,intermediate
S0060,SK011,advanced
S0060,SK024,intermediate
S0061,SK025,beginner
S0061,SK014,intermediate
S0061,SK026,intermediate
S0061,SK029,intermediate
S0061,SK013,beginner
S0061,SK030,advanced
S0061,SK009,intermediate
S0061,SK022,beginner
S0062,SK007,advanced
S0062,SK034,advanced
S0062,SK036,advanced
S0062,SK012,advanced
S0062,SK035,beginner
S0062,SK025,advanced
S0062,SK008,beginner
S0062,SK014,advanced
S0063,SK025,intermediate
S0063,SK026,beginner
S0063,SK029,intermediate
S0063,SK011,intermediate
S0064,SK004,intermediate
S0064,SK022,intermediate
S0065,SK004,intermediate
S0065,SK005,intermediate
S0065,SK008,advanced
S0066,SK007,intermediate
S0066,SK013,advanced
S0067,SK004,intermediate
S0067,SK005,advanced
S0067,SK013,advanced
S0067,SK015,beginner
S0067,SK008,beginner
S0067,SK024,advanced
S0067,SK027,beginner
S0068,SK029,advanced
S0068,SK027,beginner
S0068,SK012,advanced
S0069,SK007,advanced
S0069,SK026,beginner
S0069,SK032,intermediate
S0070,SK014,intermediate
S0070,SK011,advanced
S0070,SK001,intermediate
S0071,SK001,advanced
S0071,SK037,advanced
S0071,SK039,advanced
S0071,SK040,beginner
S0071,SK008,beginner
S0071,SK007,intermediate
S0071,SK027,advanced
S0072,SK001,intermediate
S0072,SK039,intermediate
S0072,SK040,intermediate
S0072,SK038,intermediate
S0072,SK007,advanced
S0072,SK041,beginner
S0072,SK042,advanced
S0072,SK046,intermediate
S0073,SK007,advanced
S0073,SK001,advanced
S0073,SK038,intermediate
S0073,SK013,beginner
S0073,SK039,intermediate
S0073,SK028,intermediate
S0074,SK025,advanced
S0074,SK026,advanced
S0074,SK029,intermediate
S0074,SK027,intermediate
S0074,SK013,beginner
S0074,SK011,intermediate
S0074,SK001,beginner
S0075,SK007,intermediate
S0075,SK002,advanced
S0075,SK009,intermediate
S0075,SK012,beginner
S0076,SK014,advanced
S0076,SK026,advanced
S0076,SK029,intermediate
S0076,SK013,intermediate
S0076,SK030,advanced
S0077,SK007,advanced
S0077,SK009,advanced
S0077,SK001,intermediate
S0077,SK027,intermediate
S0077,SK022,intermediate
S0078,SK003,beginner
S0078,SK010,beginner
S0078,SK014,intermediate
S0078,SK008,beginner
S0078,SK013,advanced
S0078,SK005,intermediate
S0078,SK018,advanced
S0079,SK004,advanced
S0079,SK022,beginner
S0079,SK005,advanced
S0079,SK013,advanced
S0080,SK003,advanced
S0080,SK010,advanced
S0080,SK008,beginner
S0080,SK001,advanced
S0080,SK041,advanced
S0081,SK045,advanced
S0081,SK002,beginner
S0081,SK013,intermediate
S0081,SK008,intermediate
S0082,SK001,advanced
S0082,SK039,advanced
S0082,SK007,advanced
S0083,SK045,intermediate
S0083,SK002,advanced
S0083,SK013,beginner
S0083,SK008,intermediate
S0083,SK005,intermediate
S0083,SK026,beginner
S0084,SK007,advanced
S0084,SK008,advanced
S0084,SK029,intermediate
S0084,SK014,intermediate
S0084,SK021,advanced
S0084,SK042,advanced
S0085,SK004,advanced
S0085,SK007,intermediate
S0085,SK005,beginner
S0085,SK015,intermediate
S0085,SK001,advanced
S0085,SK010,beginner
S0085,SK044,advanced
S0086,SK007,beginner
S0086,SK008,beginner
S0087,SK015,advanced
S0087,SK001,beginner
S0088,SK004,advanced
S0088,SK022,intermediate
S0088,SK013,intermediate
S0088,SK015,beginner
S0088,SK024,beginner
S0088,SK035,advanced
S0088,SK040,beginner
S0089,SK008,intermediate
S0089,SK007,intermediate
S0089,SK002,advanced
S0089,SK009,advanced
S0089,SK001,advanced
S0089,SK031,advanced
S0089,SK027,intermediate
S0089,SK017,beginner
S0089,SK041,advanced
S0090,SK007,advanced
S0090,SK034,advanced
S0090,SK031,advanced
S0090,SK027,intermediate
S0091,SK008,beginner
S0091,SK002,intermediate
S0091,SK001,intermediate
S0091,SK013,intermediate
S0091,SK012,intermediate
S0091,SK011,intermediate
S0092,SK001,beginner
S0092,SK039,intermediate
S0092,SK038,advanced
S0092,SK041,beginner
S0092,SK025,beginner
S0092,SK043,beginner
S0092,SK040,advanced
S0092,SK021,intermediate
S0093,SK007,intermediate
S0093,SK036,intermediate
S0093,SK035,beginner
S0093,SK027,advanced
S0093,SK008,intermediate
S0093,SK014,intermediate
S0094,SK022,beginner
S0094,SK005,beginner
S0094,SK015,intermediate
S0094,SK046,advanced
S0094,SK001,beginner
S0094,SK045,advanced
S0094,SK036,beginner
S0095,SK008,beginner
S0095,SK025,intermediate
S0096,SK001,intermediate
S0096,SK007,beginner
S0096,SK023,intermediate
S0097,SK034,intermediate
S0098,SK045,intermediate
S0098,SK002,beginner
S0098,SK013,intermediate
S0098,SK008,intermediate
S0098,SK015,intermediate
S0098,SK022,advanced
S0098,SK028,beginner
S0099,SK003,advanced
S0099,SK014,intermediate
S0099,SK008,beginner
S0099,SK040,advanced
S0100,SK043,beginner
S0101,SK045,advanced
S0101,SK002,advanced
S0101,SK015,advanced
S0101,SK022,intermediate
S0101,SK008,intermediate
S0101,SK023,advanced
S0102,SK008,intermediate
S0102,SK009,intermediate
S0102,SK013,intermediate
S0102,SK010,beginner
S0102,SK017,beginner
S0102,SK003,beginner
S0103,SK045,beginner
S0103,SK013,intermediate
S0103,SK015,beginner
S0103,SK005,intermediate
S0103,SK004,intermediate
S0104,SK007,intermediate
S0104,SK037,advanced
S0105,SK039,advanced
S0105,SK040,advanced
S0105,SK008,advanced
S0105,SK027,intermediate
S0105,SK012,advanced
S0106,SK007,beginner
S0106,SK001,intermediate
S0106,SK035,advanced
S0106,SK025,intermediate
S0106,SK006,beginner
S0107,SK010,intermediate
S0107,SK008,intermediate
S0107,SK013,advanced
S0107,SK001,beginner
S0108,SK001,beginner
S0108,SK014,beginner
S0109,SK025,intermediate
S0109,SK014,advanced
S0109,SK001,intermediate
S0109,SK009,intermediate
S0111,SK001,intermediate
S0111,SK039,advanced
S0111,SK008,beginner
S0111,SK043,beginner
S0111,SK007,advanced
S0112,SK008,advanced
S0112,SK007,intermediate
S0112,SK009,intermediate
S0112,SK026,advanced
S0112,SK029,beginner
S0113,SK004,beginner
S0113,SK022,advanced
S0113,SK005,beginner
S0113,SK013,beginner
S0113,SK015,beginner
S0113,SK023,beginner
S0113,SK017,intermediate
S0113,SK024,intermediate
S0113,SK016,advanced
S0114,SK015,advanced
S0114,SK014,intermediate
S0114,SK037,advanced
S0114,SK019,intermediate
S0115,SK001,beginner
S0115,SK037,advanced
S0115,SK039,advanced
S0115,SK041,intermediate
S0115,SK044,intermediate
S0115,SK042,advanced
S0115,SK043,advanced
S0115,SK010,intermediate
S0116,SK025,beginner
S0116,SK014,intermediate
S0116,SK026,intermediate
S0116,SK017,advanced
S0117,SK014,beginner
S0117,SK026,advanced
S0117,SK029,intermediate
S0117,SK027,advanced
S0117,SK028,advanced
S0117,SK041,beginner
S0118,SK001,beginner
S0118,SK037,advanced
S0118,SK008,beginner
S0118,SK044,intermediate
S0118,SK043,intermediate
S0119,SK004,intermediate
S0119,SK005,intermediate
S0119,SK023,advanced
S0119,SK002,intermediate
S0120,SK001,intermediate
S0120,SK013,beginner
S0120,SK007,advanced
S0121,SK022,intermediate
S0121,SK007,beginner
S0121,SK041,beginner
S0121,SK038,intermediate
S0122,SK008,beginner
S0122,SK009,advanced
S0122,SK001,advanced
S0122,SK015,beginner
S0122,SK011,beginner
S0122,SK035,beginner
S0123,SK007,advanced
S0123,SK001,intermediate
S0123,SK027,advanced
S0123,SK008,beginner
S0124,SK007,beginner
S0124,SK037,beginner
S0124,SK008,intermediate
S0124,SK013,beginner
S0125,SK001,intermediate
S0125,SK013,advanced
S0125,SK007,intermediate
S0125,SK031,intermediate
S0125,SK023,beginner
S0126,SK004,beginner
S0126,SK022,beginner
S0126,SK023,intermediate
S0126,SK028,intermediate
S0126,SK012,advanced
S0127,SK004,beginner
S0127,SK013,beginner
S0127,SK035,advanced
S0128,SK010,beginner
S0128,SK008,beginner
S0128,SK013,intermediate
S0128,SK011,beginner
S0128,SK001,advanced
S0128,SK025,intermediate
S0128,SK016,advanced
S0129,SK007,intermediate
S0129,SK034,beginner
S0129,SK012,advanced
S0129,SK027,intermediate
S0129,SK008,beginner
S0130,SK001,advanced
S0130,SK008,beginner
S0130,SK029,intermediate
S0130,SK045,beginner
S0131,SK004,beginner
S0131,SK022,intermediate
S0131,SK005,advanced
S0131,SK008,intermediate
S0131,SK016,advanced
S0132,SK002,advanced
S0132,SK008,intermediate
S0132,SK034,beginner
S0132,SK004,advanced
S0133,SK015,beginner
S0133,SK007,beginner
S0134,SK007,intermediate
S0134,SK001,beginner
S0135,SK013,advanced
S0135,SK021,intermediate
S0136,SK001,beginner
S0136,SK038,intermediate
S0136,SK008,intermediate
S0136,SK007,advanced
S0136,SK041,beginner
S0136,SK027,advanced
S0136,SK034,beginner
S0136,SK030,advanced
S0137,SK025,advanced
S0138,SK007,advanced
S0138,SK001,advanced
S0138,SK037,advanced
S0138,SK013,advanced
S0138,SK002,beginner
S0138,SK046,beginner
S0139,SK007,advanced
S0139,SK013,intermediate
S0140,SK001,advanced
S0140,SK037,intermediate
S0140,SK041,advanced
S0140,SK044,beginner
S0140,SK042,intermediate
S0140,SK027,intermediate
S0141,SK025,advanced
S0141,SK014,beginner
S0141,SK026,beginner
S0141,SK029,advanced
S0141,SK001,intermediate
S0141,SK011,beginner
S0141,SK041,beginner
S0141,SK033,intermediate
S0142,SK003,beginner
S0142,SK014,beginner
S0142,SK007,advanced
S0142,SK004,advanced
S0143,SK008,beginner
S0143,SK001,beginner
S0143,SK015,beginner
S0143,SK004,beginner
S0143,SK035,advanced
S0143,SK039,intermediate
S0144,SK013,intermediate
S0144,SK024,advanced
S0145,SK011,advanced
S0145,SK013,beginner
S0145,SK031,beginner
S0146,SK004,beginner
S0146,SK046,intermediate
S0146,SK017,beginner
S0147,SK045,advanced
S0147,SK008,advanced
S0147,SK035,beginner
S0147,SK002,beginner
S0148,SK008,advanced
S0148,SK007,beginner
S0148,SK001,advanced
S0148,SK035,intermediate
S0148,SK023,advanced
S0149,SK004,advanced
S0149,SK046,advanced
S0149,SK008,advanced
S0149,SK037,advanced
S0149,SK028,intermediate
S0150,SK003,beginner
S0150,SK010,intermediate
S0151,SK008,beginner
S0151,SK007,intermediate
S0151,SK009,advanced
S0151,SK015,intermediate
S0151,SK003,intermediate
S0151,SK004,advanced
S0151,SK036,beginner
S0152,SK004,advanced
S0152,SK013,beginner
S0152,SK005,advanced
S0152,SK001,intermediate
S0152,SK015,intermediate
S0153,SK001,beginner
S0153,SK037,advanced
S0153,SK040,intermediate
S0153,SK008,beginner
S0153,SK007,advanced
S0153,SK025,advanced
S0153,SK044,beginner
S0153,SK042,beginner
S0153,SK038,advanced
S0153,SK032,intermediate
S0154,SK010,intermediate
S0154,SK014,intermediate
S0154,SK008,beginner
S0154,SK003,advanced
S0155,SK007,intermediate
S0155,SK036,intermediate
S0155,SK014,beginner
S0155,SK020,intermediate
S0156,SK008,intermediate
S0156,SK002,intermediate
S0156,SK009,intermediate
S0156,SK022,intermediate
S0156,SK025,intermediate
S0156,SK001,intermediate
S0157,SK004,advanced
S0157,SK016,intermediate
S0157,SK045,intermediate
S0157,SK046,advanced
S0158,SK025,beginner
S0158,SK014,beginner
S0158,SK029,advanced
S0158,SK027,advanced
S0158,SK013,advanced
S0158,SK030,advanced
S0158,SK011,intermediate
S0158,SK009,advanced
S0158,SK044,intermediate
S0159,SK004,beginner
S0159,SK022,beginner
S0159,SK015,intermediate
S0159,SK008,advanced
S0159,SK025,advanced
S0160,SK001,beginner
S0160,SK037,intermediate
S0160,SK039,intermediate
S0161,SK008,beginner
S0161,SK007,intermediate
S0161,SK009,beginner
S0161,SK004,intermediate
S0161,SK029,beginner
S0161,SK017,advanced
S0162,SK004,beginner
S0162,SK022,beginner
S0162,SK015,beginner
S0162,SK009,intermediate
S0162,SK024,intermediate
S0162,SK044,beginner
S0163,SK007,advanced
S0163,SK031,beginner
S0164,SK025,intermediate
S0164,SK014,intermediate
S0164,SK026,beginner
S0164,SK029,beginner
S0164,SK027,advanced
S0164,SK001,intermediate
S0164,SK011,beginner
S0164,SK009,beginner
S0165,SK004,intermediate
S0165,SK022,beginner
S0165,SK005,advanced
S0165,SK013,advanced
S0165,SK008,beginner
S0166,SK007,beginner
S0166,SK034,intermediate
S0166,SK036,beginner
S0166,SK031,intermediate
S0166,SK027,beginner
S0167,SK001,intermediate
S0167,SK007,advanced
S0168,SK004,beginner
S0168,SK046,intermediate
S0168,SK001,intermediate
S0168,SK028,advanced
S0169,SK001,advanced
S0169,SK007,advanced
S0169,SK031,beginner
S0169,SK032,advanced
S0170,SK001,intermediate
S0170,SK014,beginner
S0171,SK008,intermediate
S0171,SK015,advanced
S0172,SK008,advanced
S0172,SK015,beginner
S0172,SK026,beginner
S0172,SK006,beginner
S0173,SK008,intermediate
S0173,SK007,intermediate
S0173,SK001,beginner
S0173,SK013,intermediate
S0173,SK015,advanced
S0173,SK025,intermediate
S0174,SK008,intermediate
S0174,SK002,beginner
S0174,SK009,beginner
S0174,SK015,advanced
S0174,SK019,beginner
S0175,SK007,intermediate
S0175,SK001,advanced
S0175,SK034,advanced
S0175,SK036,advanced
S0175,SK035,advanced
S0175,SK025,beginner
S0175,SK014,beginner
S0175,SK031,beginner
S0175,SK038,advanced
S0176,SK015,intermediate
S0176,SK008,intermediate
S0176,SK023,intermediate
S0176,SK046,intermediate
S0177,SK045,advanced
S0177,SK013,advanced
S0177,SK008,advanced
S0177,SK009,intermediate
S0177,SK026,intermediate
S0178,SK001,intermediate
S0178,SK040,advanced
S0178,SK038,advanced
S0178,SK027,advanced
S0179,SK007,advanced
S0179,SK001,advanced
S0179,SK037,advanced
S0179,SK012,intermediate
S0179,SK038,intermediate
S0179,SK022,intermediate
S0180,SK008,beginner
S0180,SK007,advanced
S0180,SK002,advanced
S0180,SK009,beginner
S0180,SK001,beginner
S0180,SK012,advanced
S0180,SK023,intermediate
S0181,SK008,beginner
S0181,SK046,intermediate
S0181,SK021,intermediate
S0181,SK031,advanced
S0182,SK013,intermediate
S0182,SK040,advanced
S0183,SK004,advanced
S0183,SK013,beginner
S0183,SK007,intermediate
S0184,SK022,advanced
S0184,SK005,beginner
S0184,SK013,advanced
S0184,SK015,intermediate
S0184,SK023,beginner
S0184,SK016,intermediate
S0185,SK011,advanced
S0185,SK014,advanced
S0186,SK001,beginner
S0186,SK037,beginner
S0186,SK040,intermediate
S0186,SK008,beginner
S0186,SK007,intermediate
S0186,SK041,beginner
S0187,SK007,beginner
S0188,SK004,beginner
S0188,SK022,beginner
S0188,SK005,intermediate
S0188,SK015,beginner
S0188,SK033,advanced
S0188,SK019,intermediate
S0189,SK001,beginner
S0189,SK013,beginner
S0189,SK008,intermediate
S0189,SK044,intermediate
S0189,SK046,advanced
S0190,SK008,intermediate
S0190,SK007,advanced
S0190,SK002,intermediate
S0190,SK013,beginner
S0190,SK012,intermediate
S0190,SK027,advanced
S0190,SK006,beginner
S0190,SK035,advanced
S0191,SK008,intermediate
S0191,SK007,advanced
S0191,SK002,beginner
S0191,SK012,beginner
S0191,SK030,advanced
S0191,SK032,intermediate
S0192,SK007,advanced
S0192,SK015,beginner
S0192,SK008,beginner
S0192,SK016,advanced
S0193,SK007,intermediate
S0193,SK037,beginner
S0193,SK012,beginner
S0193,SK021,beginner
S0194,SK004,beginner
S0194,SK007,beginner
S0194,SK015,advanced
S0194,SK008,advanced
S0194,SK013,intermediate
S0195,SK003,beginner
S0195,SK010,advanced
S0195,SK008,advanced
S0195,SK001,intermediate
S0195,SK032,beginner
S0196,SK014,advanced
S0196,SK008,advanced
S0196,SK013,advanced
S0196,SK011,intermediate
S0196,SK001,beginner
S0196,SK004,intermediate
S0197,SK007,intermediate
S0197,SK046,intermediate
S0197,SK038,intermediate
S0197,SK001,advanced
S0198,SK025,beginner
S0198,SK029,beginner
S0198,SK013,advanced
S0198,SK030,beginner
S0198,SK001,advanced
S0198,SK011,intermediate
S0199,SK001,advanced
S0199,SK039,beginner
S0199,SK040,intermediate
S0199,SK038,advanced
S0199,SK007,advanced
S0199,SK042,advanced
S0199,SK037,beginner
S0200,SK013,advanced
S0200,SK022,advanced
S0201,SK008,advanced
S0201,SK022,beginner
S0202,SK008,intermediate
S0202,SK007,advanced
S0202,SK009,beginner
S0202,SK003,advanced
S0202,SK029,intermediate
S0203,SK001,advanced
S0204,SK001,intermediate
S0204,SK039,advanced
S0204,SK040,advanced
S0204,SK038,beginner
S0204,SK008,beginner
S0204,SK007,advanced
S0204,SK044,advanced
S0204,SK027,advanced
S0204,SK035,advanced
S0205,SK015,advanced
S0206,SK025,intermediate
S0206,SK026,intermediate
S0206,SK029,intermediate
S0206,SK027,beginner
S0206,SK028,intermediate
S0206,SK045,advanced
S0206,SK010,intermediate
S0207,SK013,intermediate
S0207,SK008,intermediate
S0207,SK022,advanced
S0207,SK005,advanced
S0207,SK007,beginner
S0208,SK026,advanced
S0208,SK029,advanced
S0208,SK027,beginner
S0208,SK043,intermediate
S0208,SK034,intermediate
S0209,SK008,advanced
S0209,SK007,intermediate
S0209,SK009,beginner
S0209,SK001,beginner
S0209,SK015,advanced
S0209,SK003,intermediate
S0209,SK019,advanced
S0210,SK010,beginner
S0211,SK007,beginner
S0211,SK036,beginner
S0211,SK012,advanced
S0211,SK035,advanced
S0211,SK025,intermediate
S0211,SK014,intermediate
S0212,SK008,advanced
S0212,SK007,beginner
S0212,SK001,intermediate
S0212,SK010,intermediate
S0212,SK022,beginner
S0213,SK002,advanced
S0213,SK013,intermediate
S0213,SK014,beginner
S0213,SK045,intermediate
S0214,SK004,intermediate
S0214,SK022,advanced
S0214,SK013,beginner
S0214,SK015,intermediate
S0214,SK023,advanced
S0214,SK046,advanced
S0214,SK017,advanced
S0215,SK008,advanced
S0215,SK001,advanced
S0215,SK027,beginner
S0215,SK033,intermediate
S0216,SK001,beginner
S0216,SK039,beginner
S0216,SK040,intermediate
S0216,SK038,intermediate
S0216,SK008,beginner
S0216,SK007,intermediate
S0216,SK028,intermediate
S0217,SK008,advanced
S0217,SK007,beginner
S0217,SK002,beginner
S0217,SK013,beginner
S0217,SK015,advanced
S0217,SK027,intermediate
S0217,SK023,beginner
S0218,SK015,advanced
S0218,SK031,advanced
S0218,SK017,intermediate
S0219,SK022,advanced
S0219,SK015,intermediate
S0219,SK008,beginner
S0219,SK016,beginner
S0220,SK008,beginner
S0220,SK009,intermediate
